Reference,Value,Footprint,Manufacturer,MPN,LCSC,Assembly,Sourcing_Status
C1,22u 25V X5R,Capacitor_SMD:C_0805_2012Metric,Murata,GRM21BR61E226ME44L,C86816,SMD candidate,
C2,22u 25V X5R,Capacitor_SMD:C_0805_2012Metric,Murata,GRM21BR61E226ME44L,C86816,SMD candidate,
C3,10u 16V X5R,Capacitor_SMD:C_0603_1608Metric,Murata,GRM188R61C106KAALD,C86275,SMD candidate,
C7,10u 16V X5R,Capacitor_SMD:C_0603_1608Metric,Murata,GRM188R61C106KAALD,C86275,SMD candidate,
C8,100n 50V X7R,Capacitor_SMD:C_0603_1608Metric,Samsung Electro-Mechanics,CL10B104KB8NNNC,C1591,SMD candidate,
C9,10u 25V X5R,Capacitor_SMD:C_0805_2012Metric,Samsung Electro-Mechanics,CL21A106KAYNNNE,C15850,SMD candidate,
C10,1n 50V C0G,Capacitor_SMD:C_0603_1608Metric,Samsung Electro-Mechanics,CL10C102JB8NNNC,C163508,SMD candidate,
C11,1u 25V X7R,Capacitor_SMD:C_0603_1608Metric,Samsung Electro-Mechanics,CL10B105KA8NNNC,C29936,SMD candidate,
C12,100n 50V X7R,Capacitor_SMD:C_0603_1608Metric,Samsung Electro-Mechanics,CL10B104KB8NNNC,C1591,SMD candidate,
C13,1u 25V X7R,Capacitor_SMD:C_0603_1608Metric,Samsung Electro-Mechanics,CL10B105KA8NNNC,C29936,SMD candidate,
C101,100n 50V X7R,Capacitor_SMD:C_0603_1608Metric,Samsung Electro-Mechanics,CL10B104KB8NNNC,C1591,SMD candidate,
C102,100n 50V X7R,Capacitor_SMD:C_0603_1608Metric,Samsung Electro-Mechanics,CL10B104KB8NNNC,C1591,SMD candidate,
C103,100n 50V X7R,Capacitor_SMD:C_0603_1608Metric,Samsung Electro-Mechanics,CL10B104KB8NNNC,C1591,SMD candidate,
C104,100n 50V X7R,Capacitor_SMD:C_0603_1608Metric,Samsung Electro-Mechanics,CL10B104KB8NNNC,C1591,SMD candidate,
D1,SKC6812RGBW-WS-000,Puck:LED_SKC6812RGBW_WS_5050,OPSCO,SKC6812RGBW-WS-000,C5378724,SMD candidate,
D2,SKC6812RGBW-WS-000,Puck:LED_SKC6812RGBW_WS_5050,OPSCO,SKC6812RGBW-WS-000,C5378724,SMD candidate,
D3,SKC6812RGBW-WS-000,Puck:LED_SKC6812RGBW_WS_5050,OPSCO,SKC6812RGBW-WS-000,C5378724,SMD candidate,
D4,SKC6812RGBW-WS-000,Puck:LED_SKC6812RGBW_WS_5050,OPSCO,SKC6812RGBW-WS-000,C5378724,SMD candidate,
D5,SKC6812RGBW-WS-000,Puck:LED_SKC6812RGBW_WS_5050,OPSCO,SKC6812RGBW-WS-000,C5378724,SMD candidate,
D6,SKC6812RGBW-WS-000,Puck:LED_SKC6812RGBW_WS_5050,OPSCO,SKC6812RGBW-WS-000,C5378724,SMD candidate,
H1,M2,MountingHole:MountingHole_2.2mm_M2,,,,Mechanical,
H2,M2,MountingHole:MountingHole_2.2mm_M2,,,,Mechanical,
H3,M2,MountingHole:MountingHole_2.2mm_M2,,,,Mechanical,
J1,USB-C 16P,Connector_USB:USB_C_Receptacle_GCT_USB4105-xx-A_16P_TopMnt_Horizontal,Global Connector Technology,USB4105-GF-A-120,C5184243,SMD candidate,
J2,UART,Connector_PinHeader_1.27mm:PinHeader_1x04_P1.27mm_Vertical,,,,Optional manual header,
J3,EXP (DNP on the product),Connector_PinHeader_1.27mm:PinHeader_1x06_P1.27mm_Vertical,,,,DNP,
L1,XFL3012-222MEC 2.2uH,Puck:L_Coilcraft_XFL3012,Coilcraft,XFL3012-222MEC,C3911432,SMD candidate,
Q1,AO3400A,Package_TO_SOT_SMD:SOT-23,Alpha & Omega Semiconductor,AO3400A,C20917,SMD candidate,
Q2,AO3400A,Package_TO_SOT_SMD:SOT-23,Alpha & Omega Semiconductor,AO3400A,C20917,SMD candidate,
R3,2k2,Resistor_SMD:R_0603_1608Metric,UNI-ROYAL,0603WAF2201T5E,C4190,SMD candidate,
R4,300,Resistor_SMD:R_0603_1608Metric,UNI-ROYAL,0603WAF3000T5E,C23025,SMD candidate,
R5,4k7,Resistor_SMD:R_0603_1608Metric,UNI-ROYAL,0603WAF4701T5E,C23162,SMD candidate,
R6,4k7,Resistor_SMD:R_0603_1608Metric,UNI-ROYAL,0603WAF4701T5E,C23162,SMD candidate,
R7,2k2,Resistor_SMD:R_0402_1005Metric,UNI-ROYAL,0402WGF2201TCE,C25879,SMD candidate,
R8,887k 1%,Resistor_SMD:R_0603_1608Metric,YAGEO,RC0603FR-07887KL,C246015,SMD candidate,
R9,200k,Resistor_SMD:R_0603_1608Metric,UNI-ROYAL,0603WAF2003T5E,C25811,SMD candidate,
R10,10k,Resistor_SMD:R_0603_1608Metric,UNI-ROYAL,0603WAF1002T5E,C25804,SMD candidate,
R11,10k,Resistor_SMD:R_0603_1608Metric,UNI-ROYAL,0603WAF1002T5E,C25804,SMD candidate,
R12,100k,Resistor_SMD:R_0603_1608Metric,UNI-ROYAL,0603WAF1003T5E,C25803,SMD candidate,
R13,10k,Resistor_SMD:R_0603_1608Metric,UNI-ROYAL,0603WAF1002T5E,C25804,SMD candidate,
R14,100k,Resistor_SMD:R_0603_1608Metric,UNI-ROYAL,0603WAF1003T5E,C25803,SMD candidate,
R15,66k5 1%,Resistor_SMD:R_0603_1608Metric,YAGEO,RC0603FR-0766K5L,C137691,SMD candidate,
R16,32k4 1%,Resistor_SMD:R_0603_1608Metric,UNI-ROYAL,0603WAF3242T5E,C13187,SMD candidate,
R17,100k,Resistor_SMD:R_0603_1608Metric,UNI-ROYAL,0603WAF1003T5E,C25803,SMD candidate,
R18,10k,Resistor_SMD:R_0603_1608Metric,UNI-ROYAL,0603WAF1002T5E,C25804,SMD candidate,
R19,2k2,Resistor_SMD:R_0603_1608Metric,UNI-ROYAL,0603WAF2201T5E,C4190,SMD candidate,
R20,300,Resistor_SMD:R_0603_1608Metric,UNI-ROYAL,0603WAF3000T5E,C23025,SMD candidate,
SW1,KMS221GLFS,Button_Switch_SMD:SW_SPST_CK_KMS2xxG,C&K / Littelfuse,KMS221GLFS,C221698,SMD candidate,JLCPCB C221698; side actuated; no pegs; pull-ups revised for minimum switching current
SW2,KMS221GLFS,Button_Switch_SMD:SW_SPST_CK_KMS2xxG,C&K / Littelfuse,KMS221GLFS,C221698,SMD candidate,JLCPCB C221698; side actuated; no pegs; pull-ups revised for minimum switching current
SW3,KMS221GLFS,Button_Switch_SMD:SW_SPST_CK_KMS2xxG,C&K / Littelfuse,KMS221GLFS,C221698,SMD candidate,JLCPCB C221698; side actuated; no pegs; pull-ups revised for minimum switching current
U1,ESP32-S3-WROOM-1U-N16,RF_Module:ESP32-S3-WROOM-1U,Espressif,ESP32-S3-WROOM-1U-N16,C2980298,SMD candidate,
U2,TPS62162DSGR,Package_SON:Texas_DSG0008A_WSON-8-1EP_2x2mm_P0.5mm_EP0.9x1.6mm_ThermalVias,Texas Instruments,TPS62162DSGR,C40256,SMD candidate,
U3,SN74LV1T125DBVR,Package_TO_SOT_SMD:SOT-23-5,Texas Instruments,SN74LV1T125DBVR,C473338,SMD candidate,
U4,USBLC6-2SC6,Package_TO_SOT_SMD:SOT-23-6,STMicroelectronics,USBLC6-2SC6,C7519,SMD candidate,
U5,"ambient light, DNP",OptoDevice:Lite-On_LTR-303ALS-01,,,,DNP,
U6,TUSB320IRWBR,Package_DFN_QFN:Texas_X2QFN-12_1.6x1.6mm_P0.4mm,Texas Instruments,TUSB320IRWBR,C80170,SMD candidate,
U7,TPS22918DBVR,Package_TO_SOT_SMD:SOT-23-6,Texas Instruments,TPS22918DBVR,C131941,SMD candidate,
U8,TPS2553DBVR,Package_TO_SOT_SMD:SOT-23-6,Texas Instruments,TPS2553DBVR,C55266,SMD candidate,
