Ref,Val,Package,PosX,PosY,Rot,Side
"C1","22u 25V X5R","C_0805_2012Metric",92.000000,-87.500000,0.000000,top
"C2","22u 25V X5R","C_0805_2012Metric",109.250000,-79.000000,0.000000,top
"C3","10u 16V X5R","C_0603_1608Metric",88.401600,-95.076800,-113.000000,top
"C7","1u 25V X7R","C_0603_1608Metric",95.897800,-88.086500,-161.000000,top
"C8","100n 50V X7R","C_0603_1608Metric",120.500000,-106.750000,0.000000,top
"C9","10u 25V X5R","C_0805_2012Metric",105.500000,-79.000000,180.000000,top
"C10","1n 50V C0G","C_0603_1608Metric",95.750000,-84.000000,90.000000,top
"C11","1u 25V X7R","C_0603_1608Metric",90.250000,-84.000000,90.000000,top
"C12","100n 50V X7R","C_0603_1608Metric",107.250000,-86.000000,90.000000,top
"C13","1u 25V X7R","C_0603_1608Metric",114.000000,-100.750000,180.000000,top
"C101","100n 50V X7R","C_0603_1608Metric",118.000000,-111.500000,90.000000,top
"C102","100n 50V X7R","C_0603_1608Metric",89.000000,-106.500000,90.000000,top
"C103","100n 50V X7R","C_0603_1608Metric",100.500000,-87.000000,0.000000,top
"C104","100n 50V X7R","C_0603_1608Metric",118.000000,-88.500000,90.000000,top
"D1","SKC6812RGBW-WS-000","LED_SKC6812RGBW_WS_5050",114.494882,-108.882475,-121.500000,top
"D2","SKC6812RGBW-WS-000","LED_SKC6812RGBW_WS_5050",99.554991,-116.994174,178.500000,top
"D3","SKC6812RGBW-WS-000","LED_SKC6812RGBW_WS_5050",85.060109,-108.111698,118.500000,top
"D4","SKC6812RGBW-WS-000","LED_SKC6812RGBW_WS_5050",85.505117,-91.117524,58.500000,top
"D5","SKC6812RGBW-WS-000","LED_SKC6812RGBW_WS_5050",100.445008,-83.005825,-1.500000,top
"D6","SKC6812RGBW-WS-000","LED_SKC6812RGBW_WS_5050",114.647695,-91.371847,-59.500000,top
"J1","USB-C 16P","USB_C_Receptacle_GCT_USB4105-xx-A_16P_TopMnt_Horizontal",121.330000,-100.000000,90.000000,top
"J2","UART","PinHeader_1x04_P1.27mm_Vertical",93.533700,-79.390600,-72.580400,top
"J3","EXP (DNP on the product)","PinHeader_1x06_P1.27mm_Vertical",85.927200,-83.613600,-49.343700,top
"L1","XFL3012-222MEC 2.2uH","L_Coilcraft_XFL3012",109.250000,-82.000000,-90.000000,top
"Q1","AO3400A","SOT-23",104.500000,-88.000000,90.000000,top
"Q2","AO3400A","SOT-23",108.000000,-112.500000,0.000000,top
"R3","10k","R_0603_1608Metric",88.065700,-98.745700,-96.000000,top
"R4","300","R_0603_1608Metric",108.500000,-89.000000,0.000000,top
"R5","4k7","R_0603_1608Metric",104.102200,-111.913500,19.000000,top
"R6","4k7","R_0603_1608Metric",111.598400,-104.923200,67.000000,top
"R7","2k2","R_0402_1005Metric",89.500000,-98.500000,90.000000,top
"R8","900k 1%","R_0603_1608Metric",118.000000,-114.000000,0.000000,top
"R9","200k","R_0603_1608Metric",116.500000,-116.000000,0.000000,top
"R10","10k","R_0603_1608Metric",101.000000,-89.000000,0.000000,top
"R11","10k","R_0603_1608Metric",111.000000,-94.000000,90.000000,top
"R12","100k","R_0603_1608Metric",88.500000,-86.000000,90.000000,top
"R13","10k","R_0603_1608Metric",112.000000,-113.500000,0.000000,top
"R14","100k","R_0603_1608Metric",112.000000,-82.000000,90.000000,top
"R15","66k5 1%","R_0603_1608Metric",111.000000,-98.000000,90.000000,top
"R16","32k4 1%","R_0603_1608Metric",111.000000,-101.500000,90.000000,top
"R17","100k","R_0603_1608Metric",113.500000,-102.500000,0.000000,top
"R18","10k","R_0603_1608Metric",108.000000,-115.500000,0.000000,top
"SW1","BOOT","SW_Push_1P1T-SH_NO_CK_KMR2xxG",77.800000,-99.996900,-90.007900,top
"SW2","RESET","SW_Push_1P1T-SH_NO_CK_KMR2xxG",82.068200,-113.087800,-53.875400,top
"SW3","KMS223G LFG","SW_SPST_CK_KMS2xxG",78.893500,-106.881700,-71.941700,top
"U1","ESP32-S3-WROOM-1U-N16","ESP32-S3-WROOM-1U",100.000000,-100.000000,0.000000,top
"U2","TPS62162DSGR","Texas_DSG0008A_WSON-8-1EP_2x2mm_P0.5mm_EP0.9x1.6mm_ThermalVias",106.000000,-82.000000,-90.000000,top
"U3","SN74LV1T125DBVR","SOT-23-5",110.000000,-86.000000,90.000000,top
"U4","USBLC6-2SC6","SOT-23-6",121.000000,-92.500000,90.000000,top
"U5","ambient light, DNP","Lite-On_LTR-303ALS-01",86.951200,-117.960200,-36.000000,top
"U6","TUSB320IRWBR","Texas_X2QFN-12_1.6x1.6mm_P0.4mm",120.500000,-109.000000,0.000000,top
"U7","TPS22918DBVR","SOT-23-6",93.000000,-84.000000,90.000000,top
"U8","TPS2553DBVR","SOT-23-6",114.000000,-98.000000,180.000000,top
