"Id";"Designator";"Footprint";"Quantity";"Designation";"Supplier and ref";
1;"C1, C2";"C_0805_2012Metric";2;"22u 25V X5R";;;
2;"C3";"C_0603_1608Metric";1;"10u 16V X5R";;;
3;"C7, C11, C13";"C_0603_1608Metric";3;"1u 25V X7R";;;
4;"C8, C12, C101, C102, C103, C104";"C_0603_1608Metric";6;"100n 50V X7R";;;
5;"C9";"C_0805_2012Metric";1;"10u 25V X5R";;;
6;"C10";"C_0603_1608Metric";1;"1n 50V C0G";;;
7;"D1, D2, D3, D4, D5, D6";"LED_SKC6812RGBW_WS_5050";6;"SKC6812RGBW-WS-000";;;
8;"J1";"USB_C_Receptacle_GCT_USB4105-xx-A_16P_TopMnt_Horizontal";1;"USB-C 16P";;;
9;"J2";"PinHeader_1x04_P1.27mm_Vertical";1;"UART";;;
10;"J3";"PinHeader_1x06_P1.27mm_Vertical";1;"EXP (DNP on the product)";;;
11;"L1";"L_Coilcraft_XFL3012";1;"XFL3012-222MEC 2.2uH";;;
12;"Q1, Q2";"SOT-23";2;"AO3400A";;;
13;"R3, R10, R11, R13, R18";"R_0603_1608Metric";5;"10k";;;
14;"R4";"R_0603_1608Metric";1;"300";;;
15;"R5, R6";"R_0603_1608Metric";2;"4k7";;;
16;"R7";"R_0402_1005Metric";1;"2k2";;;
17;"R8";"R_0603_1608Metric";1;"900k 1%";;;
18;"R9";"R_0603_1608Metric";1;"200k";;;
19;"R12, R14, R17";"R_0603_1608Metric";3;"100k";;;
20;"R15";"R_0603_1608Metric";1;"66k5 1%";;;
21;"R16";"R_0603_1608Metric";1;"32k4 1%";;;
22;"SW1";"SW_Push_1P1T-SH_NO_CK_KMR2xxG";1;"BOOT";;;
23;"SW2";"SW_Push_1P1T-SH_NO_CK_KMR2xxG";1;"RESET";;;
24;"SW3";"SW_SPST_CK_KMS2xxG";1;"KMS223G LFG";;;
25;"U1";"ESP32-S3-WROOM-1U";1;"ESP32-S3-WROOM-1U-N16";;;
26;"U2";"Texas_DSG0008A_WSON-8-1EP_2x2mm_P0.5mm_EP0.9x1.6mm_ThermalVias";1;"TPS62162DSGR";;;
27;"U3";"SOT-23-5";1;"SN74LV1T125DBVR";;;
28;"U4";"SOT-23-6";1;"USBLC6-2SC6";;;
29;"U5";"Lite-On_LTR-303ALS-01";1;"ambient light, DNP";;;
30;"U6";"Texas_X2QFN-12_1.6x1.6mm_P0.4mm";1;"TUSB320IRWBR";;;
31;"U7";"SOT-23-6";1;"TPS22918DBVR";;;
32;"U8";"SOT-23-6";1;"TPS2553DBVR";;;
